seed	team	player	wins	losses	r2Id	masseyId	utrId	line	notes
  	AUB  	Tyler Stice                         	16	13	513853	331227	2088197	54	AL 
  	BYU  	Sean Hill                           	18	 3	415674	331430	  70508	30	ALT
  	TLSA 	Kody Pearson                        	13	 8	487890	331584	1260261	47	AL 
  	USD  	August Holmgren                     	14	 3	416362	332591	2542350	37	AQ 
 1	FLA  	Andy Andrade                        	24	 7	385909	331242	1880803	11	AL 
 1	FLA  	Ben Shelton                         	25	 5	561860	331252	 405468	  	   
 1	FLA  	Blaise Bicknell                     	28	 0	509770	331249	2585475	  	ALT
 1	FLA  	Brian Berdusco                      	 4	 3	488592	331220	  87428	  	   
 1	FLA  	Duarte Vale                         	24	 6	459591	331243	 159642	40	AL 
 1	FLA  	Johannes Ingildsen                  	 4	 3	417806	331713	  56678	  	   
 1	FLA  	Joshua Goodger                      	20	 0	511775	331250	 219037	  	   
 1	FLA  	Lukas Greif                         	12	 2	488587	331223	  77003	  	   
 1	FLA  	Sam Riffice                         	24	 7	488586	331244	2391589	25	AL 
 1	FLA  	Will Grant                          	 5	 2	509771	331238	  85355	  	   
 2	BAY  	Adrian Boitan                       	17	 5	497587	331562	2630972	34	AL 
 2	BAY  	Alex Garcia                         	 7	 0	521236	331566	1907335	  	   
 2	BAY  	Charlie Broom                       	25	 6	527260	331386	2610373	  	   
 2	BAY  	Christopher Frantzen                	 7	 0	509799	331572	 270027	  	   
 2	BAY  	Constantin Frantzen                 	 9	 0	407836	331569	  90471	  	   
 2	BAY  	Finn Bass                           	15	 3	497586	331383	  93368	  	   
 2	BAY  	Joseph Chen                         	 3	 0	521235	      	1971271	  	   
 2	BAY  	Matias Soto                         	18	 4	453651	331415	2497812	21	AL 
 2	BAY  	Nick Stachowiak                     	19	 7	562412	331387	1493215	  	   
 2	BAY  	Rahul Dhokia                        	 3	 2	512870	331416	2751002	  	   
 2	BAY  	Ryan Dickerson                      	12	 0	512869	331565	  57061	  	   
 2	BAY  	Sebastian Nothhaft                  	13	 5	521234	331385	 217711	  	   
 2	BAY  	Spencer Furman                      	23	 3	562413	331414	  40545	  	   
 2	BAY  	Sven Lah                            	12	13	424430	331420	2595796	  	   
 3	TENN 	Adam Walton                         	18	10	461891	331281	1607999	 5	AL 
 3	TENN 	Andrew Rogers                       	12	 3	446520	331442	  77574	  	   
 3	TENN 	Giles Hussey                        	29	 4	513101	331287	2587952	  	   
 3	TENN 	Joel Gamerov                        	 6	 5	527970	331283	1194434	  	   
 3	TENN 	Johannus Monday                     	31	 6	527971	331264	 246734	56	AL 
 3	TENN 	Josh Raab                           	 6	 3	527972	331288	  85708	  	   
 3	TENN 	Luca Wiedenmann                     	32	 4	463457	331284	1523057	  	   
 3	TENN 	Mark Wallner                        	12	 2	513103	331441	1695552	  	   
 3	TENN 	Martim Prata                        	23	12	497830	331261	1962718	42	AL 
 3	TENN 	Pat Harper                          	12	 5	488721	331286	1029709	  	   
 4	TEX  	Chih Chi Huang                      	16	17	486712	330872	2632113	  	   
 4	TEX  	Cleeve Harper                       	23	10	513840	330882	 298702	  	   
 4	TEX  	Eliot Spizzirri                     	24	 9	520306	330873	  85804	55	AL 
 4	TEX  	Eshan Talluri                       	 4	 7	513844	330891	 102846	  	   
 4	TEX  	Evin McDonald                       	16	16	513843	330888	  73736	  	   
 4	TEX  	Jacob Bullard                       	 8	 8	513842	330889	  85457	  	   
 4	TEX  	Leighton Allen                      	 5	11	528269	330886	 319318	  	   
 4	TEX  	Micah Braswell                      	34	 6	528270	330883	1079166	10	AL 
 4	TEX  	Nevin Arimilli                      	 9	 9	486710	331389	2103432	  	   
 4	TEX  	Payton Holden                       	 6	 3	528271	330884	1260444	  	   
 4	TEX  	Siem Woldeab                        	15	12	513841	331392	2511578	  	   
 5	UVA  	Alexander Kiefer                    	 4	 4	564149	332366	 288429	  	   
 5	UVA  	Carl Söderlund                      	12	 2	453365	331762	1880754	  	AQ 
 5	UVA  	Chris Rodesch                       	15	 6	564151	331770	 271417	  	   
 5	UVA  	Gianni Ross                         	13	 3	447059	331772	2527367	  	   
 5	UVA  	Inaki Montes De La Torre            	17	 4	564150	331768	2660017	  	   
 5	UVA  	Jeffrey Von Der Schulenburg         	16	 5	564166	331764	 274837	39	AL 
 5	UVA  	Ryan Goetz                          	17	 5	486444	331766	  77489	  	   
 5	UVA  	William Woodall                     	 4	 2	486442	335729	  85429	  	   
 6	UNC  	Adam Neff                           	 1	 3	564156	331517	1970448	  	   
 6	UNC  	Anuj Watane                         	 3	 2	514359	331503	1884433	  	   
 6	UNC  	Benjamin Sigouin                    	10	 9	451826	332063	 830070	  	ALT
 6	UNC  	Brian Cernoch                       	19	 5	491254	332053	  72898	  	   
 6	UNC  	Joshua Peck                         	 8	 3	440447	332054	1880727	  	   
 6	UNC  	Logan Zapp                          	 8	 4	564155	331515	  99352	  	   
 6	UNC  	Mac Kiger                           	 8	 6	421782	332064	2684756	  	   
 6	UNC  	Mark Dillon                         	 2	 2	517797	331514	 133397	  	   
 6	UNC  	Peter Murphy                        	 1	 1	564157	      	2087030	  	   
 6	UNC  	Rinky Hijikata                      	12	 2	514358	331646	1609719	24	AL 
 6	UNC  	Simon Soendergaard                  	12	 6	453379	331648	1971103	  	   
 6	UNC  	William Blumberg                    	10	 3	390976	331520	1712358	46	AL 
 7	TCU  	Alastair Gray                       	15	 7	411457	331793	 169607	60	AQ 
 7	TCU  	Bertus Kruger                       	 2	 2	423670	332559	 163418	  	   
 7	TCU  	Eduardo Roldan                      	 5	 4	446658	331393	 264338	  	   
 7	TCU  	Jacob Fearnley                      	16	 5	514378	331396	 235420	  	   
 7	TCU  	Juan Martin                         	14	 6	489299	331395	2683294	  	   
 7	TCU  	Luc Fomba                           	21	 8	489297	331394	1310048	13	AL 
 7	TCU  	Max Kurzban                         	 2	10	424063	331391	1906387	  	   
 7	TCU  	Sander Jong                         	11	 8	489298	331526	1243900	  	   
 7	TCU  	Tadeas Paroulek                     	 9	12	516558	331531	1711965	  	   
 7	TCU  	Tomas Jirousek                      	 8	 5	521012	331525	 192737	  	   
 8	A&M  	Austin Abbrat                       	 1	 1	485535	331527	 909668	  	   
 8	A&M  	Barnaby Smith                       	 9	 2	452706	331208	 149471	  	   
 8	A&M  	Bjorn Thomson                       	 8	 5	562733	331403	2527549	  	   
 8	A&M  	Guido Marson                        	 8	 8	485531	331193	 169634	  	   
 8	A&M  	Hady Habib                          	17	 5	412687	331179	1233129	48	AL 
 8	A&M  	Juan Carlos Aguilar                 	15	10	384588	331180	2085752	58	AL 
 8	A&M  	Kenner Taylor                       	 6	 3	513402	331187	 104754	  	   
 8	A&M  	Noah Schachter                      	19	16	485543	331182	 205635	  	   
 8	A&M  	Pierce Rollins                      	17	 9	513401	331178	  85372	  	   
 8	A&M  	Pranav Kumar                        	 1	 3	423935	331211	 178567	  	   
 8	A&M  	Raphael Perot                       	15	10	562734	331185	 273214	  	   
 8	A&M  	Stefan Storch                       	 6	 2	513403	331186	 210390	  	   
 8	A&M  	Valentin Vacherot                   	22	 5	459505	331204	 167756	17	AL 
 9	UCF  	Alan Rubio                          	13	 8	447396	332286	1252179	  	   
 9	UCF  	Bogdan Pavel                        	 2	 3	487279	332288	 115183	  	   
 9	UCF  	Gabriel Decamps                     	17	 4	401237	332283	2605771	 9	AQ 
 9	UCF  	Juan Pablo Grassi Mazzuchi          	15	 6	487277	332285	1033825	  	   
 9	UCF  	Kento Yamada                        	18	 1	563343	333442	2085673	  	   
 9	UCF  	Mikhail Sokolovskiy                 	14	 6	453412	332287	1608034	  	   
 9	UCF  	Trey Hilderbrand                    	18	 5	487278	332284	  57785	  	   
10	WAKE 	Adam Ambrozy                        	11	 1	565786	331940	  73663	  	   
10	WAKE 	Eduardo Nava                        	17	 4	436186	332049	 956360	22	AL 
10	WAKE 	Filippo Moroni                      	10	 4	564331	332468	 224352	  	   
10	WAKE 	Henri Squire                        	17	 6	521020	332467	 236405	36	AL 
10	WAKE 	Juan Lopez De Azcona                	 2	 0	514705	      	1499058	  	   
10	WAKE 	Luciano Tacchi                      	 7	 0	564320	333295	 275318	  	   
10	WAKE 	Matthew Thomson                     	 5	 0	514701	332448	 920262	  	   
10	WAKE 	Melios Efstathiou                   	12	 8	490437	331938	1863637	  	   
10	WAKE 	Robert Maciag                       	11	 3	514702	331939	  66137	  	   
10	WAKE 	Rrezart Cungu                       	21	 4	399843	332447	  79806	  	   
10	WAKE 	Siddhant Banthia                    	20	 4	497656	332050	2043797	  	   
10	WAKE 	Taha Baadi                          	13	 9	521019	332682	 170788	  	   
10	WAKE 	Taye Dupree                         	 1	 0	490434	      	1907279	  	   
11	UGA  	Baptiste Anselmo                    	 8	 9	511559	331267	 251648	  	   
11	UGA  	Billy Rowe                          	16	10	562702	331402	  62831	  	   
11	UGA  	Blake Croyder                       	17	12	487816	331256	1251097	  	   
11	UGA  	Britton Johnston                    	 4	 9	487818	331258	2588009	  	   
11	UGA  	Erik Grevelius                      	16	 8	511567	331269	2588682	  	   
11	UGA  	Niklas Von Hellens                  	 2	 5	561764	331273	2557633	  	   
11	UGA  	Philip Henning                      	19	10	498428	331263	 214601	 4	AL 
11	UGA  	Trent Bryde                         	15	13	498429	331260	  76957	52	AL 
11	UGA  	Tyler Zink                          	12	 9	511569	331271	2531094	31	AL 
12	USC  	Bradley Frye                        	18	 5	486015	332041	1608061	  	   
12	USC  	Colter Smith                        	 6	 0	510837	      	  85299	  	   
12	USC  	Daniel Cukierman                    	16	 5	399776	332055	1228093	59	AQ 
12	USC  	Jake Sands                          	14	 4	486016	332255	1229206	  	   
12	USC  	Lodewijk Weststrate                 	24	 4	563765	332045	 235464	  	   
12	USC  	Mor Bulis                           	 4	 3	498366	332561	  55414	  	   
12	USC  	Riley Smith                         	15	 6	453064	332056	 233231	19	AL 
12	USC  	Ryder Jackson                       	 6	 2	510836	332043	2723765	  	   
12	USC  	Sean Holt                           	 1	 2	563764	      	 554872	  	   
12	USC  	Stefan Dostanic                     	19	 3	510835	332039	2118844	  	   
13	SCAR 	Beau Pelletier                      	 7	 6	485952	331282	 217439	  	   
13	SCAR 	Bruno Oliveira                      	 0	 2	528049	      	2038245	  	   
13	SCAR 	Carter Morgan                       	 2	 7	528048	331275	2008513	  	   
13	SCAR 	Connor Thomson                      	18	12	511597	331272	 253155	 7	AL 
13	SCAR 	Daniel Rodrigues                    	26	 6	485261	331280	 225572	64	AL 
13	SCAR 	Jake Beasley                        	19	10	485248	331279	 315203	  	   
13	SCAR 	Phillip Jordan                      	11	16	511593	331257	1635569	  	   
13	SCAR 	Raphael Lambling                    	12	18	485260	331262	 196286	  	ALT
13	SCAR 	Thomas Brown                        	11	 7	393233	331278	1888427	  	   
13	SCAR 	Toby Samuel                         	26	 7	528050	331285	 274895	  	   
14	UK   	Alexandre Leblanc                   	 6	10	511973	331265	 245355	  	   
14	UK   	Cesar Bourgois                      	15	 7	391889	332019	2543671	  	   
14	UK   	Gabriel Diallo                      	19	 8	511971	331277	 215644	44	AL 
14	UK   	Heman Nama                          	 2	 4	520896	331259	1630692	  	   
14	UK   	Jonathan Sorbo                      	 4	 4	497643	331270	 143944	  	   
14	UK   	Joshua Lapadat                      	11	10	561767	331276	2561007	  	   
14	UK   	Liam Draxl                          	21	 2	511968	332018	2204714	 1	AQ 
14	UK   	Mathis Moysan                       	 4	 3	564879	332020	 275156	  	   
14	UK   	Millen Hurrion                      	19	 7	511970	331266	1032400	50	AL 
14	UK   	Tate Sandman                        	 1	 4	561768	331274	 120745	  	   
14	UK   	Yasha Zemel                         	 7	 6	564877	332480	 291542	  	   
14	UK   	Ying-Ze Chen                        	 1	 5	490928	331268	 141686	  	   
15	MISS 	Brady Draheim                       	 2	 7	561861	331232	  77425	  	   
15	MISS 	Cotter Wilson                       	 3	 6	464055	331253	 947319	  	   
15	MISS 	Finn Reynolds                       	10	10	520891	331848	1332906	29	AL 
15	MISS 	Jakob Cadonau                       	 3	 4	564436	331851	 275336	  	   
15	MISS 	Jan Soeren Hain                     	 1	 8	485280	331439	2502777	  	   
15	MISS 	John Hallquist Lithen               	14	 7	561866	331850	2095342	  	   
15	MISS 	Lukas Engelhardt                    	 4	 7	513418	334139	 212729	  	   
15	MISS 	Nikola Slavic                       	14	 7	513419	331849	 271469	14	AL 
15	MISS 	Simon Junk                          	10	14	485272	331501	 235501	  	   
15	MISS 	Tim Sandkaulen                      	14	16	448641	331248	  64506	38	AL 
16	ILL  	Aleksandar Kovacevic                	11	 1	423252	332963	 919337	53	AL 
16	ILL  	Alex Bancila                        	 4	 1	497256	333378	  85738	  	   
16	ILL  	Alex Brown                          	10	12	393009	332964	 743551	  	   
16	ILL  	Alexander Petrov                    	 2	 2	564625	357293	2037805	  	   
16	ILL  	Hunter Heck                         	17	 6	564624	332968	2560997	  	   
16	ILL  	Kweisi Kenyatte                     	 7	 8	517923	332967	1608011	  	   
16	ILL  	Lucas Horve                         	 4	 4	485647	333377	 901225	  	   
16	ILL  	Nic Meister                         	 6	 2	564623	357294	1198131	  	   
16	ILL  	Noe Khlif                           	17	 1	421665	334145	2698933	  	   
16	ILL  	Siphosothando Montsi                	16	 3	485650	332965	1887481	32	AL 
16	ILL  	Vuk Budic                           	 0	 3	393582	343000	1047024	  	   
16	ILL  	Zeke Clark                          	20	 2	397557	332966	1489870	 8	AQ 
R2	ARIZ 	Alejandro Requant-Bicardi           	15	 6	444974	331854	1905234	  	   
R2	ARIZ 	Carlos Hassey                       	14	 7	414150	331857	1707449	  	   
R2	ARIZ 	Conner Olsen                        	 2	 1	489600	331868	 112713	  	   
R2	ARIZ 	Filip Malbasic                      	15	10	429133	331856	  86068	  	   
R2	ARIZ 	Gustaf Strom                        	18	 3	564319	331855	2600324	18	AL 
R2	ARIZ 	Herman Hoyeraal                     	 5	 1	567637	331858	1861923	  	   
R2	ARIZ 	Hiroki Sakagawa                     	 3	 0	513926	333376	1966130	  	   
R2	ARIZ 	Igor Karpovets                      	 2	 1	420669	331863	 158358	  	   
R2	ARIZ 	Jared Horwood                       	 1	 0	489599	331865	 239708	  	   
R2	ARIZ 	Jett Middleton                      	 4	 0	565303	      	  85690	  	   
R2	ARIZ 	Jonas Ziverts                       	10	 9	497925	331853	  86273	  	   
R2	ARIZ 	Nick Lagaev                         	13	 5	513924	331860	1228823	  	   
R2	AZST 	Andrea Bolla                        	12	 5	391323	332173	 191099	  	   
R2	AZST 	Baonoromandresy (makey) Rakotomalala	 9	11	443867	332171	2566340	  	   
R2	AZST 	Christian Lerby                     	12	 8	514394	332494	 235466	  	   
R2	AZST 	George Stoupe                       	11	11	521209	332176	1158239	  	   
R2	AZST 	Jonah Wilson                        	 3	 2	521211	332495	2540329	  	   
R2	AZST 	Max McKennon                        	 5	 6	565545	332174	1711943	  	   
R2	AZST 	Moritz Hoffmann                     	 1	 2	565546	      	 271413	  	   
R2	AZST 	Nathan Ponwith                      	15	 9	491203	332172	  39539	26	ALT
R2	AZST 	Spencer Brachman                    	 1	 2	565547	      	2087706	  	   
R2	AZST 	Tim Ruehl                           	11	 5	447484	332610	2021122	  	   
R2	AZST 	Tom Leblanc                         	 1	 0	521210	332873	2555356	  	   
R2	BAMA 	Alexey Nesterov                     	13	10	436560	331219	1705463	  	   
R2	BAMA 	Avi Shugar                          	 5	 4	509695	331231	 101883	  	   
R2	BAMA 	Edson Ortiz                         	13	14	438760	331254	1017726	27	AL 
R2	BAMA 	Gabriel Diaz Freire                 	15	10	561865	331235	2624834	  	   
R2	BAMA 	Jeremy Gschwendtner                 	21	 7	495917	331228	 168002	  	   
R2	BAMA 	Marcelo Sepulveda Garza             	 6	 7	509694	331241	1880729	  	   
R2	BAMA 	Patrick Kaukovalta                  	15	18	420873	331216	1040513	  	   
R2	BAMA 	Riccardo Roberto                    	19	13	445937	331221	 109254	  	   
R2	BAMA 	Rudi Christiansen                   	 6	 1	564297	331502	2204070	  	   
R2	BAMA 	Sam Fischer                         	 2	 4	406829	331214	1034832	  	   
R2	BAMA 	Vincent Rettke                      	13	 7	561863	331233	  77310	  	   
R2	BAMA 	Zhe Zhou                            	15	16	466235	331225	2602645	  	ALT
R2	GT   	Andres Martin                       	17	 8	513067	331608	  85748	28	AL 
R2	GT   	Brandon Freestone                   	 6	 3	407969	331609	  77300	  	   
R2	GT   	Brandon McKinney                    	12	12	513070	331604	 225033	  	   
R2	GT   	Chen Dong                           	12	 6	564844	331606	2702315	  	   
R2	GT   	Cole Gromley                        	 1	 1	486436	332154	1608057	  	   
R2	GT   	Keshav Chopra                       	14	10	513068	331607	  85542	  	   
R2	GT   	Marcus McDaniel                     	16	 8	513069	331610	2530147	62	AL 
R2	GT   	Pablo Schelcher                     	13	 9	498474	331605	 210365	  	   
R2	MSST 	Alberto Colas                       	20	13	520879	331190	 271315	  	   
R2	MSST 	Carles Hernandez                    	16	 8	561123	331595	 277743	  	   
R2	MSST 	Davide Tortora                      	13	 7	510661	331183	 273166	  	   
R2	MSST 	Florian Broska                      	19	14	392974	331195	 115141	35	AL 
R2	MSST 	Giovanni Oradini                    	11	11	438580	332233	  73952	15	AL 
R2	MSST 	Gregor Ramskogler                   	16	14	487240	331181	  87195	  	   
R2	MSST 	Nemanja Malesevic                   	21	11	561124	331188	2649093	  	ALT
R2	MSST 	Nicolas Ocana                       	 5	 6	510659	331191	1564525	  	   
R2	MSST 	Stedman Strickland                  	 0	 9	487365	331199	 100013	  	   
R2	NCST 	Alexis Galarneau                    	10	 4	408573	331654	 218755	51	AL 
R2	NCST 	Collin Shick                        	 0	 2	451388	331638	 376121	  	   
R2	NCST 	Joseph Schrader                     	 0	 2	449869	331642	2537948	  	   
R2	NCST 	Martins Rocens                      	 6	 4	514015	331636	 192692	  	   
R2	NCST 	Rafa Izquierdo Luque                	 8	 9	514016	331634	1594906	  	   
R2	NCST 	Robert Turzak                       	 5	 6	459116	332466	1906381	  	   
R2	NCST 	Robin Catry                         	10	 6	515592	331632	 275026	  	   
R2	NCST 	Tadas Babelis                       	 6	11	387254	331640	  73232	  	   
R2	NCST 	Tristan Smith                       	 1	 0	453139	      	1880865	  	   
R2	NCST 	Yannai Barkai                       	 7	 8	498083	331643	  67444	  	   
R2	ND   	Andrew Mariados                     	 2	 1	487494	331839	  85789	  	   
R2	ND   	Axel Nefve                          	18	 4	487492	331831	1608070	 3	AL 
R2	ND   	Braeden Ho                          	 2	 2	509881	331846	 104394	  	   
R2	ND   	Brandon Ancona                      	 7	 7	564605	331965	2540306	  	   
R2	ND   	Connor Fu                           	13	10	509883	331842	 187871	  	   
R2	ND   	Jean Marc Malkowski                 	 3	 5	564606	331844	1228757	  	   
R2	ND   	Matt Gamble                         	 1	 1	408747	331845	1032485	  	   
R2	ND   	Matthew Che                         	 6	12	509880	331835	1885645	  	   
R2	ND   	Matthew Halpin                      	 2	 2	509882	331837	 366175	  	   
R2	ND   	Richard Ciamarra                    	15	 7	397307	331841	  61538	  	   
R2	ND   	Tristan McCormick                   	10	 7	431354	331833	2540004	  	   
R2	ND   	William Howells                     	 3	 1	416900	335335	 319231	  	   
R2	OKLA 	Alex Martinez Puigdellose           	15	13	520724	330874	2509587	  	   
R2	OKLA 	Jake Van Emburgh                    	 8	14	459807	331384	2630299	  	   
R2	OKLA 	Jonathan Sheehy                     	 2	 7	559730	330887	 362824	  	   
R2	OKLA 	Justin Schlageter                   	11	13	520725	330876	2502802	  	   
R2	OKLA 	Mark Mandlik                        	 6	14	511014	331533	2093382	  	   
R2	OKLA 	Mason Beiler                        	17	14	485308	330870	1263693	  	   
R2	OKLA 	Matt Rodriguez                      	 3	 4	485309	330893	1263690	  	   
R2	OKLA 	Max Stewart                         	 3	 3	454858	331537	  93151	  	   
R2	OKLA 	Nathan Han                          	15	11	559729	330881	2547821	  	   
R2	OKLA 	Welsh Hotard                        	13	 7	559728	330879	 804804	  	   
R2	OKST 	Dominik Kellovsky                   	 5	 8	514377	331554	2564610	  	   
R2	OKST 	Emile Hudd                          	 9	 9	487451	331390	 208928	  	   
R2	OKST 	Etienne Donnet                      	10	15	520763	331388	2586078	  	   
R2	OKST 	Henrik Korsgaard                    	 9	 9	564471	331557	1607982	  	   
R2	OKST 	Luke Hammond                        	 0	 2	413300	331397	 114409	  	   
R2	OKST 	Matej Vocel                         	12	 5	487509	331552	 154537	57	AL 
R2	OKST 	Mathieu Scaglia                     	 9	 9	449242	331560	2738420	  	   
R2	OKST 	Matisse Bobichon                    	 5	 4	564712	331589	 275035	  	   
R2	OKST 	Maxim Tybar                         	 1	 0	459164	334430	1872203	  	   
R2	OSU  	Cannon Kingsley                     	27	 0	511704	331917	1906302	45	AL 
R2	OSU  	Jacob Wareti                        	 1	 3	462064	344157	  77015	  	   
R2	OSU  	James Trotter                       	15	 1	485329	332001	2542115	  	   
R2	OSU  	JJ Mercer                           	 4	 3	511707	357295	 786446	  	   
R2	OSU  	JJ Tracy                            	26	 3	564703	331919	2653087	  	   
R2	OSU  	John McNally                        	22	 5	432019	332000	2204585	 2	AL 
R2	OSU  	Justin Boulais                      	 6	 2	511705	333289	2530168	  	   
R2	OSU  	Kyle Seelig                         	19	 8	450412	331918	  33380	  	   
R2	OSU  	Lacelot Carnello                    	 0	 1	564807	      	1784522	  	   
R2	OSU  	Robert Cash                         	17	 4	511706	332002	  85660	  	   
R2	OSU  	Tim Seibert                         	 2	 0	450476	333293	2552995	  	   
R2	PEPP 	Adrian Oetzbach                     	 8	12	488802	332009	1707234	  	   
R2	PEPP 	Corrado Summaria                    	 8	10	501835	332011	2628275	  	   
R2	PEPP 	Daniel De Jonge                     	12	 5	523004	333036	1959699	  	   
R2	PEPP 	Guy Den Ouden                       	16	 5	563775	332010	1162984	  	   
R2	PEPP 	Pawel Jankowiak                     	 2	 4	488801	332613	 407013	  	   
R2	PEPP 	Pietro Fellin                       	10	 5	521203	332612	 262366	  	   
R2	PEPP 	Robert Shelton                      	 9	 6	515020	332611	1609426	  	   
R2	PEPP 	Tim Zeitvogel                       	 9	 0	497648	334999	1740785	  	   
R2	PEPP 	Tom Grosjean                        	 0	 2	563774	      	 194203	  	   
R2	STAN 	Alex Lee                            	 1	 1	568937	      	2727863	  	   
R2	STAN 	Alexandre Rotsaert                  	 5	 7	488298	335291	  76872	  	   
R2	STAN 	Arthur Fery                         	13	 3	564316	335006	 274896	  	   
R2	STAN 	Aryan Chaudhary                     	 1	 1	568936	      	  68957	  	   
R2	STAN 	Axel Geller                         	 6	 6	409496	335292	 196281	  	ALT
R2	STAN 	Filip Kolasinski                    	 1	 0	512403	335295	 242514	  	   
R2	STAN 	Neel Rajesh                         	 6	 3	512404	335010	 450275	  	   
R2	STAN 	Sangeet Sridhar                     	 1	 2	488299	335293	1906138	  	   
R2	STAN 	Timothy Sah                         	 8	 5	448080	335007	  76942	  	   
R2	STAN 	Tristan Boyer                       	 8	 6	564317	335005	  85308	  	   
R2	STAN 	William Genesen                     	 5	 3	409523	335008	  42081	  	   
R2	TTU  	Connor Johnson                      	 2	 6	520547	330878	2093451	  	   
R2	TTU  	Dimitrios Azoidis                   	16	10	561078	330877	2557540	  	   
R2	TTU  	Francisco Vittar                    	 3	 5	509800	330880	 183984	  	   
R2	TTU  	Franco Ribero                       	12	11	497381	330885	2007644	  	   
R2	TTU  	Ilgiz Valiev                        	15	14	459644	330875	 194296	  	   
R2	TTU  	Isaac Arevalo                       	14	 7	520546	330892	 205089	  	   
R2	TTU  	Justin Bloss                        	 0	 6	390956	331406	 380660	  	   
R2	TTU  	Parker Wynn                         	 9	15	485875	330871	 931277	  	   
R2	TTU  	Reed Collier                        	15	 9	509737	330890	  85466	  	   
R2	TULN 	Akos Kotorman                       	 2	 3	485685	331893	 125074	  	   
R2	TULN 	Billy Suarez                        	10	 7	527618	331885	  85360	  	   
R2	TULN 	Charlie Barry                       	 0	 1	520554	      	 275124	  	   
R2	TULN 	Ewan Moore                          	10	 7	434419	331890	2547215	  	   
R2	TULN 	Fynn Kuenkler                       	 5	 9	527616	331891	1821612	  	   
R2	TULN 	Hamish Stewart                      	13	 7	454831	331882	1608055	43	AL 
R2	TULN 	Henry Lovett                        	 2	 0	510074	331888	 100585	  	   
R2	TULN 	Jeremy Schifris                     	 2	 2	527617	331889	2548169	  	   
R2	TULN 	Luis Erlenbusch                     	15	 5	405135	331884	  82502	  	   
R2	TULN 	Rafael De Alba                      	12	 5	527615	331887	2647825	  	   
R2	UCLA 	Ben Goldberg                        	 9	 8	410457	332057	  77562	  	   
R2	UCLA 	Connor Hance                        	 0	 1	413355	333035	  65536	  	   
R2	UCLA 	Drew Baird                          	 9	 8	510687	333037	1445715	  	   
R2	UCLA 	Eric Hahn                           	 0	 1	489257	332058	  77192	  	   
R2	UCLA 	Govind Nanda                        	 8	 4	498066	335639	2390968	  	ALT
R2	UCLA 	Keegan Smith                        	13	 2	452926	331995	  69327	  	AL 
R2	UCLA 	Mathew Tsolakyan                    	11	 4	489259	331999	2546946	  	   
R2	UCLA 	Patrick Zahraj                      	 1	 2	498067	334030	 233945	  	   
R2	UCLA 	Roscoe Bellamy                      	 8	 3	489256	331997	  76996	  	   
R2	UCLA 	Sam Feit                            	11	 6	564425	331996	 363798	  	   
R2	UCLA 	Stefan Leustian                     	 2	 0	564426	      	2554139	  	   
R2	USF  	Alvin Tudorica                      	 6	 4	564806	331792	1940255	  	   
R2	USF  	Antonio Muniz                       	 6	 5	512187	335731	1583316	  	   
R2	USF  	Chase Ferguson                      	14	 9	485713	331787	  81925	  	   
R2	USF  	Ivan Yatsuk                         	15	 9	485717	332038	  99283	  	   
R2	USF  	Jacob Wojcik                        	17	 7	464470	331788	1880805	61	AL 
R2	USF  	Manuel Goncalves                    	 2	 2	565166	      	2038253	  	   
R2	USF  	Niels Van Noord                     	 1	 0	485716	334203	2597548	  	   
R2	USF  	Pierre Luquet                       	 9	11	428315	331789	 201744	  	   
R2	USF  	Rithvik Bollipalli                  	 2	 5	512186	331790	 319613	  	   
R2	USF  	Sergio Gomez Montesa                	13	11	485714	331791	2536918	  	   
R3	DEN  	Charlie Miller                      	 1	 0	563533	      	 253170	  	   
R3	DEN  	Daniel Krulig                       	 6	 3	486489	332052	  85609	  	   
R3	DEN  	Ignacio Rivero Crespo               	 9	 2	511784	331944	2527504	  	   
R3	DEN  	James Davis                         	14	 3	486502	331943	1885056	 6	AQ 
R3	DEN  	Matt Summers                        	11	 6	455733	331942	 777847	  	   
R3	DEN  	Mattia Ros                          	 8	 9	446861	331941	 192607	  	   
R3	DEN  	Nicolas Herrero Cuesta              	14	 2	563532	332196	1544597	  	   
R3	DEN  	Peter Sallay                        	12	 5	563534	332051	 270258	  	   
R3	DUKE 	Andrew Dale                         	 9	 4	564416	331652	 300311	  	   
R3	DUKE 	Andrew Zhang                        	13	 5	514432	331639	  85837	  	   
R3	DUKE 	Edu Guell                           	 8	12	497384	331644	1564518	  	   
R3	DUKE 	Faris Khan                          	 9	 4	564418	331655	2616137	  	   
R3	DUKE 	Garrett Johns                       	10	 9	514429	331631	1731401	  	   
R3	DUKE 	Luca Keist                          	 8	 4	520675	331641	 135372	  	   
R3	DUKE 	Michael Heller                      	 7	 5	514428	331633	  83012	  	   
R3	DUKE 	Samuel Rubell                       	 7	 5	514431	331637	  85267	  	   
R3	DUKE 	Sean Sculley                        	 6	 5	450276	331635	 229380	  	   
R3	FGCU 	Alessandro Conca                    	 4	 9	566471	332035	 274696	  	   
R3	FGCU 	Eric Oncins                         	 0	 1	566475	      	1047036	  	   
R3	FGCU 	Feliksas Sakalauskas                	 1	 3	486209	334247	1708963	  	   
R3	FGCU 	Felipe Ramirez                      	 3	 4	443947	332032	2095340	  	   
R3	FGCU 	Guglielmo Stefanacci                	 8	 6	513864	332034	 286982	  	   
R3	FGCU 	Janmagnus Johnson                   	 9	 4	566473	332030	 194184	33	AQ 
R3	FGCU 	Juan Lopez                          	 0	 1	513863	      	1887493	  	   
R3	FGCU 	Juan Montes                         	 7	 5	434281	332031	  75202	  	   
R3	FGCU 	Max Damm                            	 0	 3	566472	      	2676320	  	   
R3	FGCU 	Pedro Maciel                        	 1	 2	501601	334177	 875417	  	   
R3	FGCU 	Randy Wilson                        	 7	 7	566476	332033	  96337	  	   
R3	LSU  	Ben Koch                            	 8	 8	528068	331205	2562986	  	   
R3	LSU  	Benjamin Ambrosio                   	 9	 6	565701	332429	2115697	  	   
R3	LSU  	Boris Kozlov                        	13	13	488582	331196	  73692	  	   
R3	LSU  	Joao Graca                          	 5	12	528067	331873	1939859	  	   
R3	LSU  	Joey Thomas                         	 2	 2	489469	331695	1034398	  	   
R3	LSU  	Malik Bhatnagar                     	 3	10	489471	331198	 141945	  	   
R3	LSU  	Nick Watson                         	 4	 6	488581	331203	1880809	  	   
R3	LSU  	Rafael Wagner                       	11	13	461532	331210	2556012	  	   
R3	LSU  	Ronnie Hohmann                      	13	12	520221	331440	1880799	23	AL 
R3	LSU  	Tom Pisane                          	 7	18	528069	331197	1608058	  	   
R3	LSU  	Tomas Descarrega                    	 5	 8	511017	331200	2670127	  	   
R3	MEM  	David Stevenson                     	 8	 9	488571	331776	1030979	  	   
R3	MEM  	James Story                         	 7	 8	512927	331774	2541938	  	   
R3	MEM  	Jan Pallares                        	 7	 9	439402	331775	2379898	  	   
R3	MEM  	Jeremy Taylor                       	 9	 3	488572	331778	2508457	  	   
R3	MEM  	Matt Story                          	 1	 0	455138	334351	2542952	  	   
R3	MEM  	Oscar Cutting                       	 9	 9	489076	331777	2607244	  	   
R3	MEM  	Patrick Sydow                       	 0	 2	488574	334783	 182295	  	   
R3	MEM  	Pau Fanlo                           	 7	 6	564572	331779	1923197	  	   
R3	MIA  	Adria Soriano Barrera               	10	 7	453605	332875	 749354	49	AL 
R3	MIA  	Benjamin Hannestad                  	 6	10	514047	332876	  64288	  	   
R3	MIA  	Bojan Jankulovski                   	10	 6	418564	332878	1608019	  	   
R3	MIA  	Franco Aubone                       	 8	11	489589	332879	 191110	  	   
R3	MIA  	Oren Vasser                         	10	 7	566361	332880	 296061	  	   
R3	MIA  	Stefan Milicevic                    	 6	10	564318	332877	  79553	  	   
R3	MIA  	Stephen Madonia                     	 1	 1	489597	334974	1607974	  	   
R3	MICH 	Andrew Fenty                        	16	10	489235	333149	2115646	  	   
R3	MICH 	Connor Johnston                     	 4	10	419504	333146	  76842	  	   
R3	MICH 	Harrison Brown                      	 0	 3	393097	342903	2628775	  	   
R3	MICH 	Jacob Bickersteth                   	11	 4	564251	331947	  98362	  	   
R3	MICH 	Kristofer Siimar                    	 2	 0	451827	333147	1098411	  	   
R3	MICH 	Mattias Siimar                      	17	 7	451828	331946	  95508	  	   
R3	MICH 	Nick Beaty                          	19	 5	388880	333148	1884864	  	   
R3	MICH 	Nino Ehrenschneider                 	 6	 3	564252	333150	 231629	  	   
R3	MICH 	Ondrej Styler                       	13	 7	510689	331945	 192733	  	   
R3	MICH 	Patrick Maloney                     	 9	 6	488521	333152	  84891	  	   
R3	MICH 	Ryan Fu                             	 0	 6	488520	333153	1893152	  	   
R3	MTSU 	Andreas Kramer                      	 6	 7	562235	331289	1609346	  	   
R3	MTSU 	Chris Edge                          	15	 6	404287	331818	1366427	  	   
R3	MTSU 	Francisco Rocha                     	22	 8	485275	331297	 241439	12	AQ 
R3	MTSU 	Max Rauch                           	17	10	444277	331301	  95180	  	   
R3	MTSU 	Oskar Michalek                      	12	 6	562234	331291	  58918	  	   
R3	MTSU 	Patrick Kristensen                  	 6	 2	520552	331295	 141614	  	   
R3	MTSU 	Pavel Motl                          	16	11	485271	331299	  74573	  	   
R3	MTSU 	Sean Presson                        	 9	 5	515925	331293	1366429	  	   
R3	MTSU 	Stijn Slump                         	17	 8	485279	331306	 141974	  	   
R3	MTSU 	Tom Moonen                          	16	16	434366	331303	1740793	  	   
R3	NAVY 	Alexander Panyan                    	 2	 0	567565	      	 130613	  	   
R3	NAVY 	Andrew Ton                          	 8	 1	458070	333737	 371373	  	   
R3	NAVY 	Derrick Thompson                    	 9	 0	485622	333739	 152416	  	   
R3	NAVY 	Finn Garner                         	 4	 3	510599	333743	 215369	  	   
R3	NAVY 	Gavin Segraves                      	 8	 1	510595	333745	1932367	  	   
R3	NAVY 	Jack McBride                        	 5	 0	485626	333747	1042584	  	   
R3	NAVY 	Jake Fishkin                        	 2	 4	485615	333742	  66133	  	   
R3	NAVY 	JanOskar Kjellberg                  	 0	 1	485628	335959	  93724	  	   
R3	NW   	Abhijeet Joshi                      	 0	 1	419883	333151	  77530	  	   
R3	NW   	Chris Ephron                        	12	 7	405007	331629	 373936	  	   
R3	NW   	Dominik Starý                       	10	 6	454369	331618	2682172	  	   
R3	NW   	Gleb Blekher                        	 8	 3	564958	331619	2588253	  	   
R3	NW   	Nathan Spear                        	 4	 0	517792	331623	2124545	  	   
R3	NW   	Nick Brookes                        	11	10	392905	331625	1895121	  	   
R3	NW   	Presley Thieneman                   	16	 1	564960	331621	2588213	  	   
R3	NW   	Simen Bratholm                      	 8	 5	491340	331630	1480562	  	   
R3	NW   	Steven Forman                       	 6	 2	517790	335935	 119876	  	   
R3	NW   	Trice Pickens                       	14	11	494875	331627	1550120	  	   
R3	ORE  	Brandon Lam                         	11	 7	516989	332392	1609242	  	   
R3	ORE  	Emmanuel Coste                      	12	 7	491770	332262	 191821	  	   
R3	ORE  	Jesper Klov-Nilsson                 	18	 3	516990	332266	 215144	  	   
R3	ORE  	Joshua Charlton                     	13	 6	491768	332261	2661142	  	   
R3	ORE  	Luke Vandecasteele                  	 9	10	516991	332264	  85616	  	   
R3	ORE  	Nima Movassaghi                     	 0	 1	565558	      	 102118	  	   
R3	ORE  	Quinn Vandecasteele                 	13	 9	565557	332263	 748572	  	   
R3	ORE  	Ryoma Matsushita                    	 8	 2	564330	332265	2715844	  	   
R3	UCSB 	Alejandro Vedri                     	 3	 4	512046	334028	1060781	  	   
R3	UCSB 	Joseph Guillin                      	10	 2	412312	334025	  67495	  	ALT
R3	UCSB 	Joseph Rotheram                     	 6	 6	447179	334029	  61462	  	   
R3	UCSB 	Joshua Williams                     	 1	 1	512047	344250	2149772	  	   
R3	UCSB 	Kai Brady                           	 7	 4	567456	335774	2556010	  	   
R3	UCSB 	Luka Vukmanovic                     	 0	 2	461380	344249	 271957	  	   
R3	UCSB 	Pablo Masjuan                       	10	 5	567459	334031	1162993	  	   
R3	UCSB 	Stefano Tsorotiotis                 	 4	 6	567460	334026	2556879	  	   
R3	UCSB 	Victor Krustev                      	11	 4	423713	334027	2608544	  	   
R3	VCU  	Charles Bertimon                    	11	 4	497734	333952	 303816	  	   
R3	VCU  	David Cierny                        	 9	 4	520808	333962	 206857	  	   
R3	VCU  	Inigo Torre Martin                  	10	 4	458156	333956	1730386	  	   
R3	VCU  	Lleyton Cronje                      	12	 4	513983	333950	 185821	20	AQ 
R3	VCU  	Mario Duron                         	 2	 0	564690	      	1022463	  	   
R3	VCU  	Quentin Coulaud                     	10	 6	567901	333954	2114660	  	   
R3	VCU  	Rayane Stable                       	16	 2	497736	333960	 207482	  	   
R3	VCU  	Timo Zgraggen                       	 9	 1	466151	333958	  93134	  	   
R3	VT   	Alexandre Ribeiro                   	 5	 7	445208	331649	1021061	  	   
R3	VT   	Alvaro Ariza                        	10	 7	565402	331656	 302812	  	   
R3	VT   	Carlo Donato                        	 6	15	402996	331647	1032831	  	   
R3	VT   	Hugo Maia                           	14	 8	565404	331651	 241441	  	   
R3	VT   	Jordan Chrysostom                   	 1	 1	565406	      	 148556	  	   
R3	VT   	Matthis Ross                        	 9	14	521233	331650	1711936	  	   
R3	VT   	Michael Shepheard                   	 0	 2	511956	334792	2716501	  	   
R3	VT   	Mitch Harper                        	 8	 4	413732	333199	1346115	  	   
R3	VT   	Ryan Fishback                       	13	 8	565408	331645	 107266	  	   
R3	VT   	Ryan Kros                           	 0	 1	423647	331653	1032830	  	   
R3	WICH 	Alex Richards                       	 1	 0	509154	332364	 379579	  	   
R3	WICH 	Luka Mrsic                          	10	 6	564227	331561	 253818	  	   
R3	WICH 	Marius Frosa                        	12	 7	408204	331553	  64352	  	   
R3	WICH 	Murkel Dellien                      	14	 2	401620	332195	1609219	16	AL 
R3	WICH 	Nicolas Acevedo                     	12	 9	564226	331556	2699784	  	   
R3	WICH 	Orel Ovil                           	10	11	485299	331558	  55402	  	   
R3	WICH 	Ray Lo                              	10	 3	521567	331559	1890004	  	   
R3	WICH 	Stefan Latinovic                    	 9	13	496917	331555	 273623	  	   
R3	WMU  	Arjun Honnappa                      	17	 4	514041	332211	 229226	  	   
R3	WMU  	Benjamin George                     	11	 1	565159	333058	 896811	  	   
R3	WMU  	Brogan Pierce                       	16	 2	565157	332213	  98334	  	   
R3	WMU  	Fynn Lohse                          	16	 5	565162	332209	 271471	  	   
R3	WMU  	Jackson Boone                       	13	 7	565158	332207	 147602	  	   
R3	WMU  	Jannik Opitz                        	20	 2	438559	332203	 156070	  	   
R3	WMU  	Joaquin Caballer                    	 1	 1	565160	      	1963155	  	   
R3	WMU  	Peter Kuszynski                     	18	 3	488539	332205	1010648	  	   
R3	WMU  	Zac Faveri                          	 2	 0	406010	333057	 932661	  	   
R4	AAMU 	Austin Smith                        	 0	 1	565135	      	2715419	  	   
R4	AAMU 	Cheng Chang                         	 1	 4	498078	334413	 966416	  	   
R4	AAMU 	Divesh Gahlot                       	 3	 1	569614	335490	 657670	  	   
R4	AAMU 	Fermin Ruiz                         	 0	10	382022	333380	1960248	  	   
R4	AAMU 	German Ruiz Crespo                  	 0	 3	513541	333387	2684892	  	   
R4	AAMU 	Gjorgji Popovski                    	 6	 6	565134	333382	2684891	  	   
R4	AAMU 	Natiphat Mulada                     	 5	 5	513540	333385	 200688	  	   
R4	AAMU 	Panji Setiawan                      	 6	 5	513542	333384	 393773	  	   
R4	AAMU 	Rodrigo Arana Rios                  	 1	11	498077	333379	 917850	  	   
R4	ARK  	Adrien Burdet                       	11	13	564209	331580	 260403	  	   
R4	ARK  	Aleksa Bucan                        	10	10	520933	331194	2547670	  	   
R4	ARK  	Alex Reco                           	 9	13	444483	331209	2530133	  	   
R4	ARK  	Avery Zavala                        	 3	 4	562303	331202	 169293	  	   
R4	ARK  	Corey Clarke                        	 0	 1	513049	      	2670634	  	   
R4	ARK  	Enrique Paya                        	 6	14	488397	331201	1029927	  	   
R4	ARK  	Foster Rogers                       	 1	 1	562302	      	  85592	  	   
R4	ARK  	Hunter Harrison                     	 4	 4	488396	331189	1490478	  	   
R4	ARK  	Jose Alonso                         	 1	 1	385327	333053	1253437	  	   
R4	ARK  	Josh Bortnick                       	 3	 3	391674	331207	2597655	  	   
R4	ARK  	Manuel Melvin                       	 1	 3	520932	331206	 990830	  	   
R4	ARK  	Maxim Verboven                      	 4	17	497658	331192	1726843	  	   
R4	ARK  	Melvin Manuel                       	 8	13	521657	331382	 990830	  	   
R4	ARK  	Nico Rousset                        	14	12	513047	331184	 410733	  	   
R4	ARK  	Riccardo Trione                     	 1	 0	564210	      	 276657	  	   
R4	BEL  	Alfred Wallin                       	 9	 3	565794	332474	 277419	  	   
R4	BEL  	Arthur Toledo                       	 9	 3	520668	332470	 367978	  	   
R4	BEL  	Diego Castro                        	 7	 7	565793	332473	1813231	  	   
R4	BEL  	Jake Briggs                         	 1	 0	392703	332590	 928362	  	   
R4	BEL  	Marko Ilic                          	 9	 5	417735	332469	 165650	  	   
R4	BEL  	Taisei Miyamoto                     	 6	 6	508639	332472	1041962	  	   
R4	BEL  	Tomas Luis                          	 6	 8	565792	332471	1948136	  	   
R4	CLEV 	Austin Staiger                      	 1	 2	565224	      	 141124	  	   
R4	CLEV 	clark bilinovich                    	 9	 6	486440	331964	  98281	  	   
R4	CLEV 	Jack Santilli                       	 4	 2	448806	335058	  42200	  	   
R4	CLEV 	Juandedios Abboud                   	 7	 9	565222	332367	1610128	  	   
R4	CLEV 	Kade Mindry                         	 4	 4	520822	332431	1379487	  	   
R4	CLEV 	Luke Phillips                       	17	 4	441492	331962	  89005	  	   
R4	CLEV 	Matthew Terry                       	15	 4	457113	331961	  77297	  	   
R4	CLEV 	Maxime Mareschal-Hay                	17	 5	565223	331963	 170849	  	   
R4	CLEV 	Nico Mostardi                       	 6	 4	435062	331960	  96734	  	   
R4	CLEV 	Raul Teichmann                      	 3	 4	486443	331966	1303473	  	   
R4	DEP  	Boris Spanjaard                     	12	 6	453771	333236	 199927	  	   
R4	DEP  	Christopher Casati                  	 8	11	395681	332584	  77311	  	   
R4	DEP  	Fran Tonejc                         	 8	 8	458075	332586	  65505	  	   
R4	DEP  	Luuk Wassener                       	11	 6	462201	332866	1887485	  	   
R4	DEP  	Phasu Sirinit                       	 1	 3	566443	335207	 119353	  	   
R4	DEP  	Tamas Zador                         	 3	 3	465846	332582	 253966	  	   
R4	DEP  	Tripp Tuff                          	14	 5	458939	332588	 201357	  	   
R4	DEP  	Vito Tonejc                         	13	 5	488653	332580	 189837	  	   
R4	ETSU 	Dimitri Badra                       	17	 5	497676	331311	 275310	63	AQ 
R4	ETSU 	Dylan Bednarczyk                    	 2	 6	512745	331313	  83220	  	   
R4	ETSU 	Frazier Rengifo                     	13	 8	444925	331309	 962412	  	   
R4	ETSU 	Juan Lugo                           	 9	 6	428171	333087	2149777	  	   
R4	ETSU 	Juan Zabala                         	 7	 7	562576	331317	 802582	  	   
R4	ETSU 	Miguel Este                         	11	 5	405365	331307	 115637	  	   
R4	ETSU 	Milo Bargeron                       	 7	11	562575	331320	1884477	  	   
R4	ETSU 	Thiago Pernas                       	13	 9	520624	331315	1228337	  	   
R4	ETSU 	Yusuf Khamis                        	 0	 1	485936	331852	 303996	  	   
R4	FDU  	Andrei Oprisor                      	 1	 1	511311	      	 272814	  	   
R4	FDU  	Andris Gudins                       	 4	 5	412179	334060	1010862	  	   
R4	FDU  	Arjun Sriram                        	 1	 1	567728	      	 795521	  	   
R4	FDU  	Eduardo Cabral                      	 0	 1	486414	334944	 229250	  	   
R4	FDU  	Maciej Autuch                       	 5	 5	387072	334064	1732330	  	   
R4	FDU  	Mehdi Dhouib                        	 6	 2	486416	334058	2634528	  	   
R4	FDU  	Moric Budinszky                     	 2	 5	393587	334844	 200745	  	   
R4	FDU  	Niclas Pietsch                      	 0	 2	441687	343530	 109197	  	   
R4	FDU  	Teodors Pukse                       	 4	 3	511312	335290	 271148	  	   
R4	FDU  	Younes Adnane                       	 1	 1	567727	      	 274971	  	   
R4	FDU  	Youssef Sader                       	 5	 5	448006	334062	 252723	  	   
R4	GCU  	Frederick Grant                     	 9	 8	411392	331748	1887235	  	   
R4	GCU  	Jiri Novak                          	 8	10	564214	331746	 794406	  	   
R4	GCU  	Jonathan Da Silva                   	 7	 7	564222	331859	 261002	  	   
R4	GCU  	Justin Cvitanovic                   	 4	15	400016	331744	 246975	  	   
R4	GCU  	Loic Van Zeggelaar                  	 1	 5	564221	331751	1416624	  	   
R4	GCU  	Luis Mariano Argote                 	 7	 6	564218	332493	1542330	  	   
R4	GCU  	Maxim Kirsch                        	 0	 1	514989	331864	 680944	  	   
R4	GCU  	Oliver Boleratzky                   	 1	 0	564219	      	 149958	  	   
R4	GCU  	Stanislas De Samucewicz             	 0	 1	564223	      	 273229	  	   
R4	GCU  	Valentin Lang                       	 8	11	424781	331743	1707639	  	   
R4	GCU  	Wolmar Boris-Moller                 	 0	 9	564220	331750	1158562	  	   
R4	GCU  	Wyatt Anderson                      	 0	 1	564224	      	1926421	  	   
R4	MONM 	Charles Gortzounian                 	 1	 0	509741	335780	2082163	  	   
R4	MONM 	Charlie Penman                      	 4	 1	567540	334061	 278054	  	   
R4	MONM 	Diego Leon Laporta Osante           	 1	 0	567541	      	2082120	  	   
R4	MONM 	Gabriel Busato                      	14	 2	509739	334067	1042142	  	   
R4	MONM 	Lucca Silva                         	 8	 4	567538	334059	 281071	  	   
R4	MONM 	Max Benaim                          	 8	 5	389412	334259	 168000	  	   
R4	MONM 	Sergio Martinez                     	12	 3	430309	334065	1898164	  	   
R4	MONM 	Victor Castro                       	13	 2	567539	334063	1609342	  	   
R4	MONM 	William Cooke Wharton               	 9	 5	567768	334057	 964857	  	   
R4	NAU  	Alexander Groves                    	 6	 8	508999	332871	 246638	  	   
R4	NAU  	Christopher Steele                  	 7	 7	454438	332870	 743540	  	   
R4	NAU  	Daniel Dillon                       	 0	 2	493064	333633	1429963	  	   
R4	NAU  	Dominik Buzonics                    	 6	 8	565342	332872	 274834	  	   
R4	NAU  	Eban Straker-Meads                  	 6	 7	509001	332869	 366161	  	   
R4	NAU  	Facundo Tumosa                      	 5	 7	491339	332868	1708959	  	   
R4	NAU  	Joachim Schaefer                    	 1	 4	521288	344577	1233056	  	   
R4	NAU  	Maciej Ziomber                      	11	 4	565343	332874	2104400	  	   
R4	NAU  	Marcus Sulen                        	 1	 3	565344	334845	1017623	  	   
R4	PRES 	Alberto Conde                       	 6	 3	398348	334639	 992424	  	   
R4	PRES 	Daniel Martens                      	 0	 7	564477	334640	  96580	  	   
R4	PRES 	Daniel Stenger                      	 7	 8	454618	333845	 729178	  	   
R4	PRES 	Georgije Babic                      	 2	 9	564476	333843	2093642	  	   
R4	PRES 	Javier Matos                        	 7	 2	564474	333847	1616805	  	   
R4	PRES 	Juan Sebastian Dominguez Collado    	 4	 7	564475	333844	1951709	  	   
R4	PRES 	Maxwell Benson                      	10	 6	485558	333842	 402548	  	   
R4	PRES 	Nicholas McKinney                   	13	 1	485551	333846	 223084	  	   
R4	PRES 	Teodor Cariov                       	 4	 3	513726	334638	 219553	  	   
R4	PRES 	Vance Mercer                        	 1	 1	485562	      	2107874	  	   
R4	SALA 	Clement Marzol                      	15	 5	430411	331370	 993341	  	   
R4	SALA 	Ezra Blissard                       	 0	 5	488930	331365	1292091	  	   
R4	SALA 	Jordan Coutinho                     	 3	 5	520617	331363	2096327	  	   
R4	SALA 	Julien Evrard                       	16	 8	562312	331368	2585957	41	AQ 
R4	SALA 	Leon Petko                          	 2	 5	511935	331924	 222288	  	   
R4	SALA 	Loic Cloes                          	 9	 5	397744	332867	2117063	  	   
R4	SALA 	Louis Delcour                       	 9	 5	497781	331923	1945245	  	   
R4	SALA 	Martin Bugaj                        	 4	12	511929	331360	 169586	  	   
R4	SALA 	Phillip Bosman                      	 3	 6	562311	331367	 134699	  	   
R4	SALA 	Sebastien Collard                   	16	 6	511934	331369	 832920	  	   
R4	SCST 	Aleska Daskalovic                   	 0	 6	400557	344621	 750125	  	   
R4	SCST 	Diego Arzaluz                       	 2	 3	571606	357639	1251125	  	   
R4	SCST 	Elyes Marouani                      	 3	 1	571607	357638	2749340	  	   
R4	SCST 	Erwan Momo                          	 0	 1	571608	      	 273218	  	   
R4	SCST 	Luka Stefanovic                     	 2	 1	571609	      	2749632	  	   
R4	SCST 	Marcelo Rodriguez                   	 3	 5	446404	335687	2774884	  	   
R4	SCST 	Omer Gorgun                         	 3	 3	498189	335688	 215124	  	   
R4	SCST 	Selim Ben Ali                       	 0	 3	498188	344623	1610108	  	   
R4	TAMCC	Borja Delgado                       	14	 2	562419	331869	 998647	  	   
R4	TAMCC	Carlos Berna Ruiz                   	12	 7	512361	331413	 871496	  	   
R4	TAMCC	Chad Nguyen                         	 5	 0	436796	331871	  85124	  	   
R4	TAMCC	Ernesto Mealla                      	 3	 0	564990	      	2677494	  	   
R4	TAMCC	Guillermo Castaneda                 	10	 2	512362	331870	 285613	  	   
R4	TAMCC	K Yamanaka                          	11	10	465257	331431	1727626	  	   
R4	TAMCC	Nathan Schwartz                     	15	 5	562420	331408	 274659	  	   
R4	TAMCC	Pascal Lorieul                      	17	 1	512363	331410	 275155	  	   
R4	TAMCC	Ryuya Ata                           	 9	 8	512360	331872	2534920	  	   
R4	UNCW 	Bekhzod Rasamatov                   	11	 6	564561	332428	 231598	  	   
R4	UNCW 	Bruno Caula                         	11	 7	497883	332423	 286987	  	   
R4	UNCW 	Daniel Groom                        	10	 5	411988	332425	2121871	  	   
R4	UNCW 	Davide Innocenti                    	 8	 4	485192	332424	2149489	  	   
R4	UNCW 	Gabriel Hurtado                     	 8	 7	564558	332427	 234395	  	   
R4	UNCW 	John Dransfeld                      	 0	 2	564560	      	  85743	  	   
R4	UNCW 	Leonardo Sprovieri                  	 8	 1	497884	334387	1934949	  	   
R4	UNCW 	Michael Copeland                    	13	 6	398721	332426	2149847	  	   
R4	UNM  	Alexander Maggs                     	 0	 1	514837	334425	1718887	  	   
R4	UNM  	Dominic West                        	 7	 6	462967	332563	2138629	  	   
R4	UNM  	Facundo Bermejo                     	 1	 3	497395	332567	2087103	  	   
R4	UNM  	Jake Trondson                       	 8	 5	515079	334091	1650620	  	   
R4	UNM  	Nicolas Prieto                      	 2	 1	490498	335289	2104514	  	   
R4	UNM  	Rafael Abdul Salam                  	 7	 6	520794	332566	 998667	  	   
R4	UNM  	Raul Dobai                          	 9	 7	514836	332562	 262867	  	   
R4	UNM  	Sergio Molina                       	 1	 8	520795	332565	1544642	  	   
R4	UNM  	Stepan Holis                        	 7	 5	416218	332564	 114662	  	   
